{
    "image_size": [
        4032,
        3040
    ],
    "is_fisheye": false,
    "cm1": [
        [
            3970.837341529276,
            0,
            2142.0431033901514
        ],
        [
            0,
            3970.629552351107,
            1588.5958428186811
        ],
        [
            0,
            0,
            1
        ]
    ],
    "cd1": [
        [
            -0.497590173089668,
            0.33176221537833356,
            -0.003443703421686163,
            -0.0008418506789244783,
            -0.1967077552590775
        ]
    ],
    "cm2": [
        [
            3961.9728246651352,
            0,
            1876.5389700871644
        ],
        [
            0,
            3961.7732633057926,
            1597.404137591296
        ],
        [
            0,
            0,
            1
        ]
    ],
    "cd2": [
        [
            -0.49813919370700743,
            0.3196651169180931,
            -0.0011182859984614016,
            -0.0011576535776001483,
            -0.1644891903817577
        ]
    ],
    "R": [
        [
            0.9999853391380604,
            0.004971575512003913,
            0.0021459137603087783
        ],
        [
            -0.004976859443812507,
            0.9999845795542788,
            0.0024640462107726213
        ],
        [
            -0.0021336304775602054,
            -0.002474689996894901,
            0.9999946617509538
        ]
    ],
    "T": [
        [
            -200.352404910085
        ],
        [
            -0.24743298689788007
        ],
        [
            0.6423247922425157
        ]
    ]
}