{"image_size": [4032, 3040], "is_fisheye": false, "cm1": [[2517.6743082771286, 0.0, 2045.5340665529666], [0.0, 2518.289514741992, 1492.7739078617374], [0.0, 0.0, 1.0]], "cd1": [[0.026925413064261366, -0.1034478650224299, -0.0005502611844598753, -0.0006412570308046065, 0.07792749217345135]], "cm2": [[2524.1096833166175, 0.0, 2020.6678944278572], [0.0, 2524.7537871196246, 1442.4962752773627], [0.0, 0.0, 1.0]], "cd2": [[0.024259372948871323, -0.10462326161906361, 6.194739245572316e-05, -0.0008709093658727749, 0.08198383395743017]], "R": [[0.9999827535605103, 0.005670014636507137, -0.0015308545200614324], [-0.0057099243292232605, 0.9996065040411405, -0.02746331813171666], [0.0013745347192202818, 0.027471585550730912, 0.999621639742575]], "T": [[-199.9420846602717], [-0.283999242456424], [-0.850661441359554]]}